{
  "NR-AhR": {
    "fold_auc": [
      0.8812615955473098,
      0.9107887783212458,
      0.914869792252808,
      0.870876835582718,
      0.9115015703250997
    ],
    "mean_auc": 0.8978597144058362,
    "std_auc": 0.018144844855967124,
    "n_samples": 6542,
    "positive_rate": 0.11739529195964536
  },
  "NR-AR": {
    "fold_auc": [
      0.7720584822464608,
      0.79974472035275,
      0.8157461127871897,
      0.7924401462436609,
      0.7950347918386603
    ],
    "mean_auc": 0.7950048506937443,
    "std_auc": 0.014041230344384224,
    "n_samples": 7258,
    "positive_rate": 0.04243593276384679
  },
  "NR-AR-LBD": {
    "fold_auc": [
      0.867677155282681,
      0.8450057967701377,
      0.8436341666530592,
      0.9447102431377672,
      0.825652841781874
    ],
    "mean_auc": 0.865336040725104,
    "std_auc": 0.04186834427558231,
    "n_samples": 6751,
    "positive_rate": 0.03510591023552066
  },
  "NR-Aromatase": {
    "fold_auc": [
      0.8653067391961318,
      0.8051148383197341,
      0.8483227561196737,
      0.8812178906013901,
      0.8685705651254154
    ],
    "mean_auc": 0.853706557872469,
    "std_auc": 0.026467024303022613,
    "n_samples": 5815,
    "positive_rate": 0.051590713671539126
  },
  "NR-ER": {
    "fold_auc": [
      0.6892825292461573,
      0.7025199141258315,
      0.7140401919264203,
      0.7623473445876985,
      0.7040156732089019
    ],
    "mean_auc": 0.7144411306190019,
    "std_auc": 0.02521478485561316,
    "n_samples": 6186,
    "positive_rate": 0.12786938247655996
  },
  "NR-ER-LBD": {
    "fold_auc": [
      0.7769534632034633,
      0.8400270562770562,
      0.8583441558441558,
      0.846453667105841,
      0.7949962092494314
    ],
    "mean_auc": 0.8233549103359895,
    "std_auc": 0.03160085612489986,
    "n_samples": 6948,
    "positive_rate": 0.05023028209556707
  },
  "NR-PPAR-gamma": {
    "fold_auc": [
      0.7899576893187118,
      0.8305198169415421,
      0.8493205435651479,
      0.8754293862207532,
      0.7897033724371854
    ],
    "mean_auc": 0.8269861616966679,
    "std_auc": 0.03352363785969445,
    "n_samples": 6443,
    "positive_rate": 0.028868539500232812
  },
  "SR-ARE": {
    "fold_auc": [
      0.8392911353976926,
      0.8271695290137913,
      0.8307617761710838,
      0.8323215880136763,
      0.8316492083886844
    ],
    "mean_auc": 0.8322386473969857,
    "std_auc": 0.003948898942521981,
    "n_samples": 5825,
    "positive_rate": 0.16171673819742488
  },
  "SR-ATAD5": {
    "fold_auc": [
      0.8672215000282597,
      0.8865011098779134,
      0.8278301886792453,
      0.8564372918978914,
      0.849902885682575
    ],
    "mean_auc": 0.857578595233177,
    "std_auc": 0.019363286132102503,
    "n_samples": 7065,
    "positive_rate": 0.037367303609341825
  },
  "SR-HSE": {
    "fold_auc": [
      0.7579161673989261,
      0.7483801535525673,
      0.7238272755514135,
      0.8459600109559025,
      0.7967789646672144
    ],
    "mean_auc": 0.7745725144252047,
    "std_auc": 0.04272669897376033,
    "n_samples": 6460,
    "positive_rate": 0.057585139318885446
  },
  "SR-MMP": {
    "fold_auc": [
      0.9156832836054399,
      0.9169234791509056,
      0.9139724533843621,
      0.9086266743803124,
      0.9273229636838543
    ],
    "mean_auc": 0.9165057708409747,
    "std_auc": 0.006105087793918229,
    "n_samples": 5804,
    "positive_rate": 0.15816678152997932
  },
  "SR-p53": {
    "fold_auc": [
      0.887238677977101,
      0.8709868817503361,
      0.8273528087357873,
      0.8639536192727683,
      0.846066060493598
    ],
    "mean_auc": 0.859119609645918,
    "std_auc": 0.020661106386747216,
    "n_samples": 6767,
    "positive_rate": 0.06250923599822669
  }
}